,Ticker,averageDailyVolume10Day,country,earningsQuarterlyGrowth,forwardEps,forwardPE,fullTimeEmployees,marketCap,pegRatio,priceToBook,priceToSalesTrailing12Months,sector,trailingEps,trailingPE,twoHundredDayAverage
0,A,1396414.0,United States,0.462,4.36,30.91743,16400.0,41073287168.0,2.91,8.555471,7.4273577,Healthcare,2.597,51.906048,119.774414
2,AAP,920185.0,United States,0.168,11.66,16.9494,40000.0,12897531904.0,1.57,3.6544685,1.2761847,Consumer Cyclical,7.14,27.679274,164.98221
3,AAPL,79115057.0,United States,0.293,4.72,28.30085,147000.0,2242554363904.0,2.0,33.938007,7.6242347,Technology,3.6870000000000003,36.229996,125.66838
4,ABBV,4930885.0,United States,-0.987,13.87,8.069935,47000.0,197537415168.0,2.15,15.109342,4.3126674,Healthcare,2.7199999999999998,41.150734,103.04801
6,ABMD,231200.0,United States,-0.106,4.91,71.52139,1536.0,15883770880.0,4.02,12.589898,19.538795,Healthcare,4.3870000000000005,80.04787,304.00244
7,ABT,6165414.0,United States,2.179,5.41,22.44917,109000.0,215152312320.0,1.51,6.561672,5.762288,Healthcare,3.192,38.048244,114.85044
8,ACN,1510014.0,Ireland,0.167,9.38,30.945627,537000.0,184509235200.0,3.47,10.078119,4.0394444,Technology,8.45,34.35148,255.0914
9,ADBE,1849557.0,United States,0.32,13.67,37.70885,22516.0,246399434752.0,2.5300000000000002,18.227722,18.009022,Technology,11.486,44.878983,479.00146
10,ADI,2899871.0,United States,0.906,6.72,23.223215,15900.0,57569599488.0,2.09,4.762573,9.827603,Technology,3.771,41.384247,146.3947
11,ADM,2624000.0,United States,0.363,4.23,14.917257,37575.0,35241410560.0,3.54,1.7541908,0.5476095,Consumer Defensive,3.15,20.031744,53.19294
12,ADP,1369971.0,United States,-0.006,6.55,28.491602,58000.0,79862161408.0,3.41,13.540851,5.4733477,Industrials,5.77,32.343155,173.18037
13,ADSK,1034371.0,United States,5.914,6.87,43.55604,11500.0,65708515328.0,1.49,68.05322,17.33551,Technology,5.44,55.005516,280.14758
14,AEE,1076171.0,United States,0.223,4.03,20.756823,9183.0,21365047296.0,2.99,2.3706286,3.8565068,Utilities,3.5,23.9,78.12066
15,AEP,2635328.0,United States,0.161,4.97,17.450706,16787.0,43343319040.0,3.25,2.0645578,2.8050115,Utilities,4.57,18.978119,84.053894
17,AFL,3071228.0,United States,0.219,5.11,10.473581,12003.0,36800352256.0,1.74,1.1043248,1.6616404999999999,Financial Services,6.67,8.023988,45.812866
19,AIZ,232914.0,United States,0.091,11.89,13.001681,13600.0,9355631616.0,0.8300000000000001,1.5064756,0.92731935,Financial Services,6.993,22.106392,134.77074
20,AJG,593985.0,United States,0.444,5.08,27.570866,32401.0,27337750528.0,2.41,4.385509,4.0310464,Financial Services,4.2,33.34762,119.94647
21,AKAM,2080828.0,United States,-0.048,5.89,18.502548,8368.0,17792292864.0,1.51,4.1710043,5.563309,Technology,3.37,32.33828,103.85441
22,ALB,1188085.0,United States,-0.064,5.0,33.879997,5900.0,19772028928.0,1.7000000000000002,4.240406,6.3191447,Basic Materials,3.52,48.125,143.33258
23,ALGN,421214.0,United States,0.311,11.66,52.60377,18070.0,48538611712.0,3.06,14.957082,19.635828,Healthcare,22.41,27.369925,521.3989
25,ALL,1314357.0,United States,0.48,12.41,10.100725,41860.0,37647872000.0,-24.72,1.3490389999999999,0.8405231,Financial Services,17.31,7.241479,106.87522
26,ALLE,810257.0,Ireland,269.0,5.69,23.989454,11500.0,12282009600.0,3.15,16.891474,4.4833035,Industrials,4.571,29.862173,115.27448
27,ALXN,2406500.0,United States,-0.397,13.9,11.994964,3837.0,36832821248.0,1.45,3.1410484,6.0681105,Healthcare,2.7199999999999998,61.29779,144.88522
28,AMAT,9395914.0,United States,0.267,6.67,20.343328,24200.0,124517425152.0,1.03,10.853464,6.840865,Technology,4.181,32.453957,99.12066
29,AMCR,4508657.0,Switzerland,0.177,0.68,17.191175,47000.0,18259546112.0,2.12,3.5094564,1.4626944,Consumer Cyclical,0.313,37.348244,11.463456
30,AMD,45182214.0,United States,2.426,2.68,31.350744,12600.0,102051528704.0,1.4100000000000001,15.734081,8.934646,Technology,2.377,35.347073,85.66691
31,AME,696285.0,United States,0.001,4.68,28.861115,16500.0,31174158336.0,-23.58,5.233649,6.866511,Industrials,3.77,35.827587,119.25853
32,AMGN,2265742.0,United States,-0.098,17.81,13.290849,24300.0,136298094592.0,2.36,14.589214,5.4163923,Healthcare,12.073,19.606562,236.15508
34,AMT,1385185.0,United States,-0.35100000000000003,5.78,43.589962,5618.0,112059047936.0,2.71,27.347225,13.935092,Real Estate,3.79,66.47757,229.43713
35,AMZN,3147085.0,United States,1.21,66.22,52.227425,1298000.0,1743488679936.0,1.8599999999999999,18.624727,4.5160613,Consumer Cyclical,41.83,82.67989,3200.9167
36,ANET,303057.0,United States,-0.298,11.26,28.48668,2613.0,24464814080.0,4.27,7.3589063,10.5564995,Technology,7.99,40.145184,284.06964
37,ANSS,333914.0,United States,0.30000000000000004,7.68,48.880207,4800.0,32710668288.0,6.91,7.9307065,19.455616,Technology,4.97,75.5332,348.41315
38,ANTM,1266742.0,United States,0.093,28.3,13.260777,83400.0,91883929600.0,1.13,2.7152882,0.73724186,Healthcare,18.691,20.078112,322.6578
39,AON,1424800.0,Ireland,0.401,12.25,19.459593,50000.0,53910351872.0,2.1,15.380348,4.871711,Financial Services,8.454,28.197302,215.22668
40,AOS,938171.0,United States,0.314,2.77,24.021662,13900.0,10751000576.0,3.37,5.82407,3.7132595,Industrials,2.12,31.386795,59.363895
42,APD,766142.0,United States,0.013000000000000001,10.41,27.818443,19000.0,64079601664.0,3.5300000000000002,5.052163,7.138357,Basic Materials,8.512,34.02138,276.96185
43,APH,2849685.0,United States,0.12,2.45,27.559181,80000.0,40468582400.0,2.59,7.5055575,4.706251,Technology,1.955,34.537083,64.18739
44,APTV,1227342.0,Ireland,0.30000000000000004,5.01,29.325347999999998,151000.0,39736426496.0,0.88,5.0186167,3.041208,Consumer Cyclical,6.664,22.046818,131.2956
45,ARE,656142.0,United States,-0.5670000000000001,2.99,59.70234,470.0,26330761216.0,662.2,2.0015473,13.516734,Real Estate,5.7379999999999995,31.110142,167.0714
46,ATO,697157.0,United States,0.218,5.41,18.539742,4694.0,12854548480.0,2.81,1.7819707,4.4945126,Utilities,5.147,19.487082,94.58213
47,ATVI,5863642.0,United States,-0.03,4.28,21.320093,9500.0,70696304640.0,1.48,4.6982800000000005,8.743051,Communication Services,2.8200000000000003,32.35816,88.970146
48,AVB,637457.0,United States,1.035,3.17,60.362778,2966.0,26713227264.0,26.22,2.4782739,11.601706,Real Estate,5.894,32.46522,170.17743
49,AVGO,2713925.0,United States,2.5789999999999997,29.01,15.829024,21000.0,187492286464.0,2.01,7.8152394,7.595393,Technology,8.647,53.10512,421.21066
50,AVY,561375.0,United States,0.178,8.69,24.327965,32000.0,17551153152.0,3.12,11.838392,2.5175576,Industrials,6.61,31.983358,155.28467
51,AWK,902657.0,United States,0.48,4.61,33.47939,7000.0,28007616512.0,4.38,4.335515,7.4153075,Utilities,3.91,39.473145,153.22139
52,AXP,3443042.0,United States,5.09,9.1,16.762636,63700.0,122535829504.0,0.91,5.010017,3.6679684999999997,Financial Services,6.101,25.002459,125.550224
55,BAC,54307025.0,United States,1.007,3.09,12.954693,212201.0,343846879232.0,11.57,1.377163,4.251164,Financial Services,2.33,17.180258,30.188667
57,BBY,2239425.0,United States,0.095,7.95,14.740881,61200.0,29302773760.0,1.72,6.566002,0.6200070999999999,Consumer Cyclical,6.84,17.133041,111.632965
58,BDX,982750.0,United States,2.608,13.37,19.260284,70000.0,74822107136.0,8.47,3.034027,4.1095243,Healthcare,5.256,48.993534,243.35326
59,BEN,3404325.0,United States,-0.015,3.25,9.270769,11400.0,15227822080.0,1.77,1.4642562,2.4670826999999997,Financial Services,1.558,19.338896,24.487556
60,BIIB,952225.0,United States,-0.707,20.19,13.2540865,9100.0,40288522240.0,-1.2,3.7726805,3.196411,Healthcare,19.291,13.871754,265.11127
61,BIO,141000.0,United States,0.516,12.49,51.96477,8000.0,19127402496.0,2.75,1.9605378,7.5138300000000005,Healthcare,126.2,5.1429477,575.94763
62,BK,4543475.0,United States,-0.054,4.53,10.856512,48000.0,43056156672.0,0.89,1.0654016,2.7712014,Financial Services,3.749,13.118165,40.691334
65,BLK,591950.0,United States,0.488,42.43,19.238276,16500.0,124596985856.0,1.73,3.528883,7.375658,Financial Services,34.508,23.654806,684.5773
66,BLL,2175175.0,United States,0.419,3.94,23.185278,21500.0,29969010688.0,1.77,9.137741,2.5438426,Consumer Cyclical,1.76,51.903408,89.46037
68,BR,537025.0,United States,4.574,6.08,26.481907,12000.0,18644795392.0,2.63,13.002502,3.9804435,Technology,4.425,36.386436,145.36052
71,BWA,2000625.0,United States,0.627,4.86,10.382715,49700.0,12060998656.0,0.61,1.8756273,1.1865222,Consumer Cyclical,2.34,21.564102,41.127037
72,BXP,1157825.0,United States,-0.928,3.03,35.49175,750.0,16784197632.0,5.79,2.889229,6.1305327,Real Estate,5.54,19.411552,92.58741
73,C,15977800.0,United States,2.149,8.24,8.848302,211000.0,152140578816.0,0.74,0.8268314999999999,2.3464725,Financial Services,7.289,10.002745,57.669407
74,CAG,3446075.0,United States,0.377,2.63,14.064639,16500.0,17753241600.0,2.26,2.151457,1.5130905000000001,Consumer Defensive,2.43,15.222222,35.78511
75,CAH,1865425.0,United States,1.859,6.23,9.64366,48000.0,17643573248.0,1.3900000000000001,8.961814,0.11277307600000001,Healthcare,4.705,12.769395,53.114223
77,CAT,3609300.0,United States,-0.29,10.82,21.469501,97300.0,126674124800.0,3.64,8.262493,3.034256,Industrials,5.46,42.545788,185.47192
78,CB,2602750.0,Switzerland,1.061,12.68,12.938485,31000.0,73773842432.0,0.62,1.2440474,2.0463176,Financial Services,7.79,21.060333,148.12741
79,CBOE,595775.0,United States,0.012,4.86,21.133743,1010.0,11002808320.0,8.36,3.6559407999999998,3.2105303,Financial Services,4.555,22.548847,92.3063
80,CBRE,1928025.0,United States,-0.508,4.16,19.86298,100000.0,27788550144.0,1.94,3.8391485,1.1663024,Real Estate,2.22,37.22072,62.439407
81,CCI,2119550.0,United States,-0.34600000000000003,3.04,60.917767,4900.0,80002080768.0,3.46,8.902937,13.5504875,Real Estate,2.242,82.60036,161.28741
83,CDNS,2010825.0,United States,0.51,3.33,40.021023,8800.0,37084377088.0,2.83,14.585751,13.239871,Technology,2.34,56.952995,124.15644
84,CDW,714325.0,United States,0.28400000000000003,7.97,22.839396999999998,10000.0,25579583488.0,2.22,19.913576,1.3851135,Technology,5.45,33.4,138.32764
85,CE,779800.0,United States,0.47700000000000004,12.73,12.269443,7700.0,17592147968.0,0.51,4.9667697,2.9354494,Basic Materials,17.842,8.754064,129.346
86,CERN,1862300.0,United States,-0.083,3.56,21.058989,26400.0,22659459072.0,2.07,5.115311,4.1155705,Healthcare,2.52,29.75,74.25955
87,CF,2124025.0,United States,0.582,2.35,21.089363,2970.0,10628538368.0,-3.38,3.6289084,2.5772402,Basic Materials,1.47,33.714287,38.475037
88,CFG,6900425.0,United States,16.971,4.18,11.047848,17405.0,19669446656.0,-3.56,0.9507730999999999,3.2613904,Financial Services,3.5620000000000003,12.964625999999999,35.681038
89,CHD,1906950.0,United States,0.04,3.26,25.88957,5100.0,20685426688.0,3.34,6.8562145,4.225137,Consumer Defensive,3.12,27.051283,86.477776
90,CHRW,966875.0,United States,1.218,4.97,18.839035,15105.0,12278824960.0,1.77,6.741306,0.7136376,Industrials,4.429,21.140213,94.97111
91,CHTR,1129000.0,United States,0.745,27.9,23.394981,96100.0,140512985088.0,0.91,5.3119783,2.92145,Communication Services,15.4,42.384415,630.063
92,CI,1754650.0,United States,3.232,22.84,10.82049,72226.0,85851987968.0,1.2,1.7423735,0.5347368,Healthcare,22.96,10.763938,206.42326
93,CINF,744825.0,United States,0.676,4.22,25.29858,5266.0,17192630272.0,3.9,1.5925534,2.2814,Financial Services,7.49,14.253673,87.0423
94,CL,4507000.0,United States,0.006,3.48,22.635056,34200.0,66759385088.0,3.33,90.125854,4.053147,Consumer Defensive,3.14,25.085985,80.26563
95,CLX,1357625.0,United States,0.4,8.09,22.87639,8800.0,23280140288.0,4.5600000000000005,19.652758,3.0941176,Consumer Defensive,9.557,19.364864,200.57422
97,CMCSA,17827800.0,United States,0.069,3.65,14.821917,168000.0,248551096320.0,1.33,2.7436857,2.3999758,Communication Services,2.2800000000000002,23.72807,50.04689
98,CME,1224550.0,United States,-0.097,7.3,27.536985,4370.0,72177434624.0,6.33,2.7351148,14.819915,Financial Services,5.87,34.245316,182.24963
99,CMG,239800.0,United States,0.664,32.11,45.971973,97000.0,41567191040.0,1.1400000000000001,19.817156,6.581839,Consumer Cyclical,14.272,103.4305,1368.4658
100,CMI,1047775.0,United States,0.67,16.69,15.301378,57825.0,37424406528.0,1.24,4.6773753,1.8890721,Industrials,12.01,21.263947,235.13564
101,CMS,1456550.0,United States,-0.054,3.06,20.604576,8148.0,18248308736.0,3.1,3.3145833,2.7317827,Utilities,2.64,23.882573999999998,60.096222
102,CNC,3043400.0,United States,14.196,5.8100000000000005,10.2392435,71300.0,34666905600.0,1.2,1.3159176,0.32055357,Healthcare,4.187,14.208264,62.31163
105,COG,5603650.0,United States,-0.107,1.49,11.389261,503.0,6778157056.0,0.25,3.0549054,4.823556,Energy,0.5,33.94,18.026297
106,COO,235325.0,United States,22.217,14.48,28.11188,12000.0,20007446528.0,3.06,3.3368309,8.1159525,Healthcare,45.382,8.969636,359.4974
108,COST,2846150.0,United States,0.021,10.97,33.690975,156000.0,163556147200.0,3.74,10.452501,0.9156346,Consumer Defensive,9.779,37.79425,360.0945
109,CPB,2765400.0,United States,-0.797,3.06,15.545752,14500.0,14414137344.0,1.8599999999999999,4.9326004999999995,1.6078234,Consumer Defensive,2.658,17.896915,47.920074
110,CPRT,1188525.0,United States,0.147,3.6,34.244446,7600.0,29133158400.0,1.74,9.900417,12.74422,Industrials,2.951,41.77567,113.97415
112,CSCO,21901625.0,United States,-0.116,3.42,14.944445,77500.0,215775690752.0,2.8200000000000003,5.514674,4.492893,Technology,2.39,21.384937,43.67459
113,CSX,3539575.0,United States,-0.083,4.96,20.463709,19000.0,76876103680.0,1.3900000000000001,5.8457637,7.2930565,Industrials,3.529,28.761688,88.14667
114,CTAS,364125.0,United States,0.10200000000000001,10.2,33.84314,40000.0,36264296448.0,2.62,9.500744,5.2554955,Industrials,9.136,37.78459,341.80103
115,CTLT,830775.0,United States,0.9430000000000001,3.27,34.623856,14000.0,19273101312.0,2.45,5.5743194,5.5627046,Healthcare,1.8050000000000002,62.725765,102.743256
116,CTSH,2902600.0,United States,-0.2,4.39,18.264238,289500.0,42377695232.0,5.96,3.9217412,2.5449011,Technology,2.5700000000000003,31.198444,76.12259
118,CTXS,1171250.0,United States,-0.459,7.37,18.793758,9000.0,17197955072.0,1.5899999999999999,151.37704,5.3134227,Technology,4.0,34.6275,130.95126
119,CVS,6287300.0,United States,-0.443,8.1,9.308641,213000.0,98964004864.0,2.68,1.4234741,0.36939546,Healthcare,5.463,13.801941,68.1643
125,DE,1576700.0,United States,1.3679999999999999,18.34,20.708832,69634.0,119044128768.0,0.7000000000000001,8.452961,3.2178438,Industrials,10.93,34.748398,283.40903
127,DG,2180300.0,United States,0.2,10.73,19.765146,158000.0,50743107584.0,1.6800000000000002,7.6660037,1.5036402999999998,Consumer Defensive,10.62,19.969867999999998,206.31541
128,DGX,1120050.0,United States,3.737,7.97,16.521957,50000.0,17202411520.0,3.6,2.5574393,1.6644812,Healthcare,13.18,9.990894,121.99726
129,DHI,2547100.0,United States,0.926,11.49,8.686684,9716.0,35979907072.0,0.51,2.7755067,1.4885752,Consumer Cyclical,8.626,11.570831,75.49141
130,DHR,2305625.0,United States,1.861,9.04,28.582966,67000.0,184304173056.0,1.52,4.9596915,7.4319196,Healthcare,6.366,40.58907,226.26422
132,DISCA,39928525.0,United States,-0.431,3.26,11.500001,9800.0,16793158656.0,1.25,2.3495865,1.5737193999999999,Communication Services,1.419,26.420015,35.971184
133,DISCK,23028775.0,United States,-0.431,3.18,10.050314,9800.0,16793124864.0,1.77,2.0030081,1.5737162,Communication Services,1.419,22.522902,31.146814
134,DISH,2704125.0,United States,0.881,2.56,16.246094,13500.0,21925332992.0,-0.56,1.5880106999999999,1.4151369,Communication Services,3.02,13.771523,31.872
135,DLR,1382025.0,United States,-0.8280000000000001,1.6,91.98125,2878.0,41410838528.0,3.8,2.4602551,10.767305,Real Estate,1.0,147.17,140.88556
136,DLTR,1848975.0,United States,3.088,6.9,16.527536,60217.0,26686500864.0,1.74,3.6532546999999997,1.046148,Consumer Defensive,5.65,20.18407,102.92089
137,DOV,622625.0,United States,0.32,7.59,19.512516,23000.0,21315590144.0,1.92,6.0916424,3.0911324000000002,Industrials,5.099,29.044912,122.089554
138,DOW,3285375.0,United States,3.146,4.8,13.189583,35700.0,47291875328.0,-2.06,3.3772538,1.1632773,Basic Materials,2.6470000000000002,23.917642999999998,55.152
140,DRE,1980100.0,United States,0.9450000000000001,0.71,63.760567,350.0,16920387584.0,11.77,3.2728457,16.847607,Real Estate,0.805,56.236027,39.462296
142,DTE,812675.0,United States,0.168,7.34,18.60763,10600.0,26459234304.0,3.89,2.1079764,2.0458698,Utilities,7.359,18.559587,122.99511
144,DVA,756300.0,United States,-0.29,9.28,12.21013,67000.0,12080318464.0,0.96,9.00286,1.0458603,Healthcare,6.311,17.954365,104.901184
147,DXCM,640775.0,United States,2.832,3.35,127.09552,5500.0,41174470656.0,7.21,22.401873,21.370462,Healthcare,5.06,84.144264,368.08127
148,EA,2087225.0,United States,-0.39,6.15,23.413008,9800.0,41415266304.0,1.74,5.2157063,7.30428,Communication Services,4.045,35.597034,133.38156
149,EBAY,6554425.0,United States,0.52,4.71,13.231422,12700.0,42456248320.0,0.77,11.970803,4.1336045,Consumer Cyclical,7.892,7.896604,54.305183
151,ED,2215850.0,United States,-0.854,4.52,16.860619,14071.0,26116251648.0,6.27,1.3829207000000001,2.1326354,Utilities,3.2800000000000002,23.234756,74.1623
152,EFX,795200.0,United States,0.725,8.36,27.188997,11000.0,27663091712.0,3.07,8.337001,6.3120275,Industrials,4.931,46.096127,171.24637
153,EIX,2390775.0,United States,2.678,4.7,12.425532,13351.0,22159179776.0,3.02,1.5751854,1.6319914,Utilities,1.98,29.49495,58.899258
154,EL,1131325.0,United States,0.5670000000000001,7.03,44.87909,48000.0,114450464768.0,2.47,21.10509,8.065572,Consumer Defensive,2.527,124.85161,254.09637
155,EMN,845100.0,United States,0.231,8.51,13.555817,14500.0,15748486144.0,3.7800000000000002,2.6021836,1.8586671,Basic Materials,3.5,32.96,99.09637
156,EMR,3194950.0,United States,0.365,4.19,21.976133,83500.0,55250763776.0,2.47,6.1902523,3.289715,Industrials,3.455,26.651232,79.14
157,ENPH,2762000.0,United States,-0.54,2.73,53.813187,850.0,19935541248.0,1.77,26.32324,22.89773,Technology,0.676,217.3225,147.37451
159,EQIX,475275.0,United States,-0.592,9.3,76.06236,10013.0,63363207168.0,2.68,5.9292727,10.62587,Real Estate,4.18,169.22968,718.0644
160,EQR,1986525.0,United States,-0.8140000000000001,1.03,71.485435,2600.0,27457878016.0,13.23,2.6716256,11.040553,Real Estate,1.7730000000000001,41.52848,60.697777
161,ES,1197775.0,United States,0.088,4.12,20.740292,9299.0,29336776704.0,3.2800000000000002,2.0837905,3.2946272,Utilities,3.55,24.070421,86.58392
162,ESS,514100.0,United States,-0.465,4.45,64.48764,1763.0,18651471872.0,9.57,3.0958185,12.334863,Real Estate,6.478,44.299164,242.17903
163,ETN,2293850.0,Ireland,0.051000000000000004,6.52,22.167177,91987.0,57575403520.0,1.5899999999999999,3.853825,3.2240677,Industrials,3.49,41.412605,119.55296
164,ETR,993150.0,United States,0.008,6.3,16.91746,13400.0,21429827584.0,3.0,1.9533026,2.1189044,Utilities,6.9,15.446377,99.74437
165,ETSY,2240700.0,United States,3.747,3.84,55.039066,1414.0,26862163968.0,1.43,35.822033,15.566629,Consumer Cyclical,2.691,78.53958,175.283
166,EVRG,1487625.0,United States,-0.202,3.49,18.126074,5133.0,14500077568.0,3.32,1.6430742,2.9511292,Utilities,2.7199999999999998,23.257353,54.804592
167,EW,2842300.0,United States,0.089,2.52,38.404762,14900.0,60200640512.0,2.63,12.947157,13.455062,Healthcare,1.349,71.742035,83.38429
168,EXC,4701900.0,United States,-0.535,3.05,14.62623,32340.0,43573264384.0,-48.5,1.3361888,1.3188434,Utilities,2.01,22.19403,41.32059
169,EXPD,1013625.0,United States,0.446,4.36,25.020641,17480.0,18402828288.0,5.73,6.9439845,1.8190938,Industrials,4.07,26.803438,93.49126
171,EXR,1000625.0,United States,0.39,4.45,32.939327,4013.0,19595986944.0,5.69,7.5572286,14.214688,Real Estate,3.71,39.509434,116.80933
174,FAST,2902900.0,United States,0.039,1.71,30.225147,18094.0,29691119616.0,4.1,10.654505,5.2114367,Industrials,1.51,34.228477,47.290073
175,FB,19076875.0,United States,0.527,13.6,22.580883,58604.0,872550957056.0,1.25,6.819898,10.150073,Communication Services,10.09,30.436075,270.79718
176,FBHS,1087125.0,United States,0.5720000000000001,5.57,18.631956,27505.0,14366057472.0,1.96,5.184593,2.3588424,Consumer Cyclical,3.94,26.340101,86.79933
178,FDX,1927625.0,United States,1.832,19.65,14.625446,324000.0,76256641024.0,0.55,3.469218,0.96831375,Industrials,11.357,25.3051,266.25037
179,FE,3612425.0,United States,3.527,2.6,14.392307,12153.0,20352737280.0,-7.73,2.765297,1.915732,Utilities,2.468,15.162074,31.117777
180,FFIV,634575.0,United States,-0.11,11.64,16.039518,5901.0,11211708416.0,1.6600000000000001,4.7912335,4.659636,Technology,4.807,38.83919,170.58467
182,FISV,4507525.0,United States,-0.224,6.42,19.224298,44000.0,82272886784.0,1.22,2.6345336,5.5447426,Technology,1.276,96.72414,110.62074
183,FITB,6096350.0,United States,13.458,3.23,12.321981,19819.0,28321521664.0,-3.91,1.3829528,3.8324115,Financial Services,2.722,14.621602,28.946518
184,FLIR,1239550.0,United States,43.679,2.55,23.67451,4179.0,7930685952.0,3.64,4.204039,4.1226444,Technology,1.6,37.731247,45.635036
185,FLT,591375.0,United States,-0.109,14.62,20.030096,8400.0,24427630592.0,1.71,7.3018327,10.225665,Technology,8.12,36.06404,262.41058
187,FOX,2115075.0,United States,-0.253,2.35,15.693618,9000.0,22093518848.0,2.7199999999999998,1.9982662,1.7448679999999999,Communication Services,2.527,14.594381,30.34689
188,FOXA,4566000.0,United States,-0.253,2.65,14.271697,9000.0,22093535232.0,3.86,2.0491982,1.7448694,Communication Services,2.527,14.966364,31.128704
189,FRC,720350.0,United States,0.531,7.71,23.73022,5483.0,31877488640.0,2.08,2.9866633,7.861029,Financial Services,6.402,28.578571,143.20244
190,FRT,607425.0,United States,-0.357,1.69,66.11834,307.0,8682924032.0,14.38,3.7209456,10.493822,Real Estate,1.62,68.9753,88.73526
191,FTNT,1163600.0,United States,0.241,4.24,46.700474,8238.0,32313450496.0,3.69,37.58732,12.455076,Technology,2.91,68.04467,143.01141
192,FTV,2199625.0,United States,5.305,2.7800000000000002,26.70144,17000.0,25125818368.0,4.06,2.7980701999999997,5.421591,Technology,4.494,16.51758,68.03174
195,GILD,8210525.0,United States,-0.425,6.73,9.575038,13600.0,81133830144.0,3.09,4.439545,3.286234,Healthcare,0.098,657.5511,62.444443
196,GIS,6048575.0,United States,0.312,3.71,16.38814,35000.0,37086236672.0,3.95,4.184158,1.9910576,Consumer Defensive,4.119,14.760864,59.13237
197,GL,375800.0,United States,0.078,7.61,13.444152,3261.0,11862127616.0,1.85,1.5172546,2.4350417,Financial Services,6.83,14.979502,91.519775
200,GNRC,779050.0,United States,0.796,9.49,33.31507,6452.0,19874260992.0,4.79,14.292301,7.9970474,Industrials,5.48,57.69343,249.83415
201,GOOG,1233800.0,United States,1.623,91.6,25.98155,139995.0,1597159899136.0,1.31,6.9437156,8.120519,Communication Services,75.04,31.715218,1908.3762
202,GOOGL,1464928.0,United States,1.623,91.17,25.87518,139995.0,1597159768064.0,1.31,6.8828244,8.120518,Communication Services,75.04,31.4371,1899.859
203,GPC,629750.0,United States,0.595,6.41,19.45242,50000.0,18014214144.0,4.18,5.4180064,1.0653234,Consumer Cyclical,0.365,341.61642,101.74052
204,GPN,1433225.0,United States,0.777,9.2,23.681522,24000.0,64291254272.0,2.38,2.3780522,8.660437,Industrials,1.9500000000000002,111.7282,191.73853
206,GRMN,800475.0,Switzerland,-0.076,5.84,23.523973,16000.0,26396880896.0,4.16,4.771133,6.3051286,Technology,5.17,26.572535,116.012665
207,GS,3133500.0,United States,4.636,35.87,9.704767,40300.0,118432587776.0,0.45,1.3979759,2.302792,Financial Services,40.263,8.645903,261.6212
208,GWW,276275.0,United States,0.631,21.2,19.916037,21800.0,22099417088.0,1.69,12.131712,1.8733081999999999,Industrials,12.82,32.93448,387.20673
211,HBAN,10617300.0,United States,10.083,1.3900000000000001,11.0071945,15449.0,15576165376.0,-6.18,1.4259088,3.4768226,Financial Services,1.142,13.397549,12.882592
213,HCA,1478575.0,United States,1.449,15.14,13.110304,195000.0,66878623744.0,1.03,276.064,1.2702733,Healthcare,13.382,14.832611,158.51178
214,HD,4588825.0,United States,0.152,13.8,23.16739,504800.0,343758569472.0,2.95,104.37806,2.6020632,Consumer Cyclical,11.94,26.776382,275.24
217,HIG,4808500.0,United States,-0.088,6.67,10.1349325,18500.0,24146112512.0,1.9300000000000002,1.3915191,1.1588095,Financial Services,4.688,14.419794,47.784813
218,HII,333000.0,United States,0.671,14.59,14.40987,42000.0,8472672256.0,16.13,4.4791,0.90510327,Industrials,17.14,12.266046,167.17119
220,HOLX,1447175.0,United States,0.6950000000000001,5.07,14.280079,5814.0,18654728192.0,0.84,5.7039313,4.1128664,Healthcare,5.265,13.751187,72.64193
221,HON,2517900.0,United States,-0.097,9.08,24.545155,103000.0,154795704320.0,2.4,8.606348,4.7442594,Industrials,6.532,34.119717,197.44823
224,HRL,1734525.0,United States,-0.085,1.88,24.44149,20100.0,24819800064.0,5.27,3.7865677,2.5626588,Consumer Defensive,1.62,28.364199,48.08637
225,HSIC,1095600.0,United States,-0.5680000000000001,4.04,18.0,19000.0,10345729024.0,1.26,3.0942047,1.022392,Healthcare,2.817,25.814697,65.601555
227,HSY,985200.0,United States,0.406,7.14,22.2493,15200.0,32870676480.0,3.11,14.80522,4.033351,Consumer Defensive,6.11,26.0,148.63289
230,IBM,4608050.0,United States,-0.187,11.97,11.946533,345900.0,127783936000.0,2.19,5.9742646,1.731912,Technology,5.98,23.913044,122.890076
231,ICE,2001950.0,United States,0.17400000000000002,5.32,22.381578,8890.0,67002118144.0,2.59,3.4283495,11.100418,Financial Services,3.77,31.583555,107.924965
232,IDXX,493000.0,United States,0.931,8.65,64.48671,9300.0,47765098496.0,4.39,75.4103,17.64728,Healthcare,6.71,83.13115,466.9874
233,IEX,386825.0,United States,0.105,6.66,33.783783,7075.0,17082045440.0,3.21,6.5425997,7.09028,Industrials,5.09,44.20432,193.30748
234,IFF,2665625.0,United States,-0.191,6.59,21.817905,13700.0,35779223552.0,2.42,2.4362473,7.037282,Basic Materials,3.21,44.791275,120.68252
235,ILMN,2436400.0,United States,-0.15,7.08,57.279663,7800.0,59201949696.0,3.43,12.029544,17.046343,Healthcare,4.28,94.752335,366.96756
237,INFO,1959825.0,United Kingdom,-0.6920000000000001,3.52,29.897726,16000.0,44594819072.0,2.64,4.8255305,10.306413,Industrials,1.334,78.89056,88.32415
238,INTC,27822275.0,United States,-0.406,4.5600000000000005,12.635964,110600.0,232669560832.0,2.5700000000000003,2.9154017,2.9939978,Technology,4.456,12.93088,53.906517
239,INTU,1396750.0,United States,-0.917,9.8,42.42857,10600.0,113862672384.0,4.04,12.845227,14.754785,Technology,6.553,63.45185,364.38474
240,IP,2630350.0,United States,-0.073,4.59,12.562091,49300.0,22650865664.0,0.56,2.885886,1.1006252,Consumer Cyclical,1.22,47.262295,48.71615
241,IPG,4637850.0,United States,-0.659,2.2,14.15,50200.0,12241965056.0,2.92,4.2033486,1.5180067,Communication Services,0.89,34.977528,23.20489
243,IQV,804875.0,United States,1.585,9.85,23.96142,72000.0,45235826688.0,1.25,7.5963955,3.7652593,Healthcare,2.1,112.39048,176.40881
245,IRM,1893275.0,United States,5.563,1.43,27.643356,24000.0,11412824064.0,16.85,10.025361,2.7518884999999997,Real Estate,1.189,33.246426,30.330296
246,ISRG,487200.0,United States,0.36,15.8,54.986706,8081.0,102876028928.0,5.61,10.130953,22.605148,Healthcare,9.72,89.38168,744.51105
247,IT,747075.0,United States,0.767,5.22,37.829502,15600.0,17172879360.0,4.39,16.08848,4.1891169999999995,Technology,2.96,66.71284,156.64
248,ITW,1121925.0,United States,0.002,8.75,26.285715,43000.0,72790401024.0,2.22,22.899244,5.7889614,Industrials,6.63,34.6908,205.24289
249,IVZ,3959800.0,United States,1.324,2.92,9.325342,8426.0,12560654336.0,0.45,0.86400557,2.0238228,Financial Services,1.529,17.809025,18.339333
251,JBHT,577975.0,United States,0.398,7.62,22.167978,30309.0,17849946112.0,1.21,6.557453,1.7896663,Industrials,5.131,32.921455,140.738
252,JCI,4064525.0,Ireland,1.8359999999999999,3.04,20.756578,97000.0,45329211392.0,1.69,2.5741441,2.0527673,Industrials,1.242,50.805153,49.079777
253,JKHY,502075.0,United States,-0.002,4.46,36.67489,6717.0,12443963392.0,4.06,8.052479,7.259748,Technology,3.8890000000000002,42.059658,156.0957
254,JNJ,7819875.0,United States,0.069,10.4,15.575,134500.0,426446323712.0,2.2800000000000002,6.738777,5.0638413,Healthcare,5.661,28.61332,154.02985
256,JPM,16011900.0,United States,3.991,11.95,12.738912,259350.0,460815400960.0,9.12,1.8495389,3.8892626999999997,Financial Services,12.607,12.075037,125.46511
257,K,3521975.0,United States,0.41400000000000003,4.15,14.954217,31000.0,21122433024.0,6.35,6.858217,1.5339456999999999,Consumer Defensive,3.63,17.096418,61.932816
258,KEY,11064750.0,United States,3.26,1.96,10.994897,17086.0,20959248384.0,0.84,1.3321382,3.2738595,Financial Services,1.768,12.188913,16.567926
259,KEYS,1177875.0,United States,0.055,6.33,23.161139,14000.0,27268581376.0,1.9100000000000001,8.1617775,6.3326945,Technology,3.3689999999999998,43.517365,126.26252
260,KHC,7081400.0,United States,4.67,2.61,15.371648,38000.0,49071575040.0,-6.16,0.9793248,1.8740337,Consumer Defensive,0.29,138.34483,33.92359
261,KIM,3455075.0,United States,0.839,0.56,37.30357,484.0,9054728192.0,9.53,1.6111368,8.55921,Real Estate,2.251,9.28032,15.144592
262,KLAC,1512500.0,United States,0.202,14.91,21.78672,10600.0,50049724416.0,1.65,17.060923,8.241287,Technology,8.743,37.154293,261.63043
263,KMB,2774575.0,United States,-0.115,7.94,16.327456,46000.0,43744686080.0,7.31,84.51108,2.317722,Consumer Defensive,6.668,19.44211,137.12526
265,KMX,2186125.0,United States,-0.023,6.38,21.01724,26889.0,21880805376.0,3.55,5.013085,1.0890226,Consumer Cyclical,4.52,29.665928,106.90859
266,KO,16011000.0,United States,-0.191,2.35,22.804256,80300.0,231026491392.0,2.7199999999999998,11.349005,6.9101334,Consumer Defensive,1.67,32.08982,50.920963
268,KSU,1738225.0,United States,0.008,10.48,28.155537,6522.0,26831806464.0,1.6600000000000001,6.3280363,10.292611,Industrials,6.641,44.431564,201.42815
271,LDOS,732875.0,United States,0.088,7.14,13.887955999999999,39000.0,14015869952.0,1.6,3.6459904,1.1397796,Technology,4.36,22.74312,97.834145
272,LEG,773225.0,United States,0.189,2.79,18.25448,20400.0,6781584384.0,3.8,4.859269,1.5844083,Consumer Cyclical,1.82,27.983517,43.565853
273,LEN,2105525.0,United States,1.513,11.3,9.134513,9495.0,31516162048.0,0.87,1.7118312,1.3521036,Consumer Cyclical,9.781,10.553113,81.926
274,LH,634375.0,United States,3.132,15.48,16.97093,65160.0,25651238912.0,-1.12,2.7366478,1.8350494,Healthcare,15.88,16.54345,214.95015
275,LHX,966050.0,United States,-0.726,13.22,15.507564,48000.0,42143084544.0,1.56,1.9824775,2.3163178,Industrials,7.351,27.888723,184.87126
276,LIN,1906750.0,United Kingdom,0.507,10.33,27.796711,74207.0,150127132672.0,2.66,3.17559,5.5106683,Basic Materials,4.708,60.989807,251.47289
277,LKQ,1253925.0,United States,0.289,3.09,14.731392,44000.0,13765931008.0,0.47000000000000003,2.4431086,1.1837761,Consumer Cyclical,2.09,21.779905,36.189777
278,LLY,2871450.0,United States,-0.069,8.59,21.018627,34690.0,173146013696.0,1.9,29.013338,6.793876,Healthcare,6.68,27.028444,170.51562
279,LMT,1600300.0,United States,0.07,27.9,13.367025,114000.0,103652712448.0,2.87,16.425457,1.5703766,Industrials,24.783,15.048218,357.77347
280,LNC,1160150.0,United States,-0.669,10.79,6.004634,10966.0,12384543744.0,0.24,0.5489701,0.7101636,Financial Services,2.56,25.308594,47.682297
281,LNT,1085414.0,United States,-0.423,2.74,20.182482,3375.0,13832188928.0,3.99,2.4292743,4.049236,Utilities,2.47,22.388664,52.178383
282,LOW,3568625.0,United States,0.918,11.07,17.71093,220000.0,140609912832.0,1.49,99.725334,1.5693595,Consumer Cyclical,7.75,25.298063,166.69037
283,LRCX,1874475.0,United States,0.864,32.42,19.680754,11300.0,90990403584.0,0.76,16.93923,6.855386,Technology,23.652,26.976576,472.02615
287,LW,1618600.0,United States,-0.40700000000000003,3.09,25.78641,7700.0,11655749632.0,3.4,25.803108,3.3204427,Consumer Defensive,1.71,46.59649,75.06555
288,LYB,1153575.0,United States,0.398,11.66,9.121784,19200.0,35557531648.0,-2.12,4.4569225,1.2812139,Basic Materials,4.243,25.06717,89.04074
290,MA,3753775.0,United States,-0.15,10.46,37.825047,21000.0,393023651840.0,3.19,61.59894,25.686142,Financial Services,6.37,62.11146,340.24518
291,MAA,661225.0,United States,-0.443,2.51,61.362553,2530.0,17621121024.0,8.88,3.0001752,10.501364,Real Estate,2.195,70.16857,128.71149
293,MAS,1810900.0,United States,-0.5700000000000001,3.81,16.795277,18000.0,16247317504.0,1.46,84.75497,2.2603393,Industrials,4.602,13.904823,55.51126
295,MCHP,1807625.0,United States,-0.884,7.5,20.616,18000.0,41633292288.0,2.07,7.8595023,7.8587489999999995,Technology,1.258,122.90938,134.29274
297,MCO,672525.0,United States,-0.128,11.96,26.759197,11490.0,59895488512.0,3.21,38.16361,11.151646,Financial Services,9.39,34.083065,280.84592
298,MDLZ,7353450.0,United States,0.306,3.11,19.575563,79000.0,85542494208.0,2.15,3.1749675,3.1551526,Consumer Defensive,2.64,23.060606,56.78037
299,MDT,5126925.0,Ireland,-0.337,5.72,22.937063,90000.0,176866787328.0,3.19,3.4829702,6.3334093,Healthcare,2.259,58.078793,112.94334
302,MHK,427250.0,United States,-0.062,13.18,15.758725,42000.0,14497190912.0,4.26,1.7103519999999999,1.5176813999999998,Consumer Cyclical,49.89534,4.1627135,140.33496
303,MKC,2320200.0,United States,0.11800000000000001,3.16,28.265821,13000.0,23847456768.0,4.79,5.748118,4.0620456,Consumer Defensive,2.839,31.461782,91.963
304,MKTX,250700.0,United States,0.075,9.18,53.308277,610.0,18594054144.0,6.5,18.555016,25.983465,Financial Services,8.0,61.17125,533.70807
305,MLM,673175.0,United States,0.397,12.87,27.596739,8700.0,22148438016.0,3.52,3.7562664,4.9972787,Basic Materials,11.54,30.777298,288.09747
306,MMC,1729675.0,United States,0.304,6.02,22.260796,76000.0,68275679232.0,2.29,7.108152,3.8669957999999998,Financial Services,4.375,30.630856,114.47304
307,MMM,2626328.0,United States,0.433,10.58,18.518904,95000.0,113575723008.0,2.59,8.797539,3.5289497,Industrials,9.25,21.181622,177.87978
308,MNST,1922475.0,United States,0.85,3.04,31.733553,3013.0,50949378048.0,2.38,9.871074,11.079232,Consumer Defensive,2.64,36.541664,86.27
312,MPWR,458225.0,United States,0.322,6.87,54.951965,2209.0,17222840320.0,2.3,17.67995,20.395287,Technology,3.5,107.862854,336.82126
315,MS,14818950.0,United States,1.426,6.94,11.92075,70975.0,154622377984.0,2.67,1.6179375999999999,2.8560786,Financial Services,7.645,10.821452,65.596
317,MSFT,30988750.0,United States,0.438,8.28,30.743961,163000.0,1917236543488.0,1.8,14.258666999999999,11.98505,Technology,7.338,34.69065,222.26814
319,MTB,945375.0,United States,0.664,11.88,13.165825,16718.0,20121364480.0,0.87,1.3242068,3.7188860999999998,Financial Services,11.348,13.783047,127.96659
320,MTD,98450.0,United States,0.122,32.96,40.1696,14900.0,30876506112.0,2.68,109.93855,10.008018,Healthcare,24.91,53.150944,1116.9165
321,MU,25171350.0,United States,0.489,10.7,8.040187,40000.0,96475766784.0,0.27,2.3716711999999998,4.104828,Technology,2.8120000000000003,30.593882,70.904816
322,MXIM,1997275.0,United States,0.365,3.39,27.899704,7115.0,25351317504.0,1.55,11.788609,10.313619,Technology,2.904,32.56887,83.958
324,NDAQ,692075.0,United States,0.468,7.16,22.297485,4830.0,26200322048.0,2.7199999999999998,4.1525774,4.4212489999999995,Financial Services,6.15,25.959349,133.85933
325,NEE,7646900.0,United States,2.957,2.7199999999999998,28.34191,14900.0,151208165376.0,3.83,4.045445,8.837415,Utilities,2.11,36.535545,75.9345
326,NEM,6560550.0,United States,0.458,3.76,17.074467,14300.0,51431067648.0,-15.81,2.233121,4.473434,Basic Materials,3.512,18.28018,60.87652
327,NFLX,3297450.0,United States,1.407,12.98,39.023113,9400.0,224592494592.0,1.16,17.430744,8.509984,Communication Services,8.263,61.29977,516.30927
329,NKE,6444825.0,United States,0.711,3.92,33.344387,75400.0,206517895168.0,1.24,17.310291,5.3631263,Consumer Cyclical,2.1390000000000002,61.107998,134.73741
334,NOW,1401575.0,United States,-0.972,7.03,79.266,13096.0,110025924608.0,3.64,38.502037,24.344799,Technology,0.59,944.4746,520.1879
336,NSC,1001425.0,United States,0.008,13.0,21.853077,19100.0,77100032000.0,1.65,4.842003,7.876191,Industrials,7.837,36.24984,238.74689
337,NTAP,1893750.0,United States,-0.343,4.51,16.984478,10800.0,17051235328.0,2.5300000000000002,35.694317,3.0503104,Technology,2.6390000000000002,29.026146,58.798
338,NTRS,958175.0,United States,0.04,7.34,15.237057,20600.0,23278376960.0,2.2,2.2017047,3.8397324,Financial Services,5.609,19.939383,92.12793
339,NUE,5032825.0,United States,45.354,4.5600000000000005,17.890352,26400.0,24412162048.0,0.77,2.1325874,1.1337377,Basic Materials,5.389,15.138245,55.509705
340,NVDA,6854850.0,United States,0.532,15.23,40.122787,18975.0,380320186368.0,2.15,22.427057,22.807806,Technology,6.9,88.56087,534.8201
341,NVR,18750.0,United States,0.41600000000000004,365.08,13.71105,6100.0,18218541056.0,3.2,5.980142,2.2723405,Consumer Cyclical,248.326,20.157494,4299.6865
346,O,2381675.0,United States,-0.088,1.52,45.13158,208.0,25622167552.0,9.04,2.2562077,15.513309,Real Estate,1.1400000000000001,60.175438,61.04963
347,ODFL,677525.0,United States,0.497,8.76,29.363012,20479.0,29828517888.0,1.73,9.387934,7.1801896,Industrials,6.274,40.99777,205.30644
348,OKE,2283950.0,United States,-0.038,3.31,15.749246,2886.0,23225688064.0,2.12,3.8381684,2.718922,Energy,1.419,36.73714,38.572517
349,OMC,1828225.0,United States,0.115,6.39,12.730829,64100.0,17496838144.0,1.4100000000000001,5.4487605,1.3264122999999999,Communication Services,4.51,18.037693,62.154446
350,ORCL,12595950.0,United States,0.9530000000000001,4.8,15.577082,135000.0,216899551232.0,1.45,24.323357,5.4647036,Technology,4.179,17.89184,61.99348
351,ORLY,514450.0,United States,0.209,26.43,20.013243,76257.0,36977786880.0,2.21,268.23022,3.186506,Consumer Cyclical,23.53,22.479813,458.622
354,PAYC,381075.0,United States,-0.463,5.46,73.46154,4218.0,24140363776.0,3.35,35.323647,28.689552,Technology,2.46,163.04878,388.8194
355,PAYX,1874375.0,United States,-0.011,3.21,30.482864,15600.0,35261227008.0,6.71,11.844813,8.943421,Industrials,2.92,33.510273,89.63548
356,PBCT,5110550.0,United States,0.108,1.31,13.9542,5640.0,7809582080.0,1.0,1.0491277,4.083228,Financial Services,0.517,35.357834,13.779630000000001
357,PCAR,1714475.0,United States,0.308,6.98,12.991404,26000.0,31484096512.0,0.64,2.9375749,1.6218632,Industrials,4.061,22.329475,90.387184
359,PEG,2101125.0,United States,-0.014,3.51,17.777779,12788.0,31517802496.0,7.52,1.9675853,3.2820787,Utilities,3.76,16.595745,57.65385
361,PEP,5389825.0,United States,0.281,6.57,21.587519,291000.0,195956572160.0,2.58,14.053706,2.747915,Consumer Defensive,5.402,26.25509,139.35608
363,PFG,2060800.0,United States,0.5710000000000001,6.84,9.311403,17400.0,17355524096.0,1.48,1.0511808,1.1773082,Financial Services,5.05,12.61188,49.966076
364,PG,9396450.0,United States,0.121,5.96,22.046978,99000.0,321697382400.0,2.81,7.035767,4.2967463,Consumer Defensive,5.439,24.158852,135.37022
365,PGR,2610900.0,United States,1.117,5.97,16.81072,43326.0,58725957632.0,-1.9100000000000001,3.2924350000000002,1.3120304,Financial Services,10.998,9.125296,92.8883
366,PH,723750.0,United States,1.188,16.19,19.699814,50520.0,41169092608.0,1.49,5.793642,3.048325,Industrials,11.016,28.952435,263.58932
367,PHM,2771575.0,United States,0.305,8.49,6.911661,5249.0,15430845440.0,0.47000000000000003,2.3799481,1.3982177,Consumer Cyclical,5.176,11.33694,45.490295
368,PKG,424500.0,United States,0.17500000000000002,8.21,17.706455,15200.0,13809496064.0,1.44,4.2152114,2.0438225,Consumer Cyclical,5.101,28.498333,129.5151
369,PKI,640100.0,United States,4.897,6.24,21.456732,14000.0,15003980800.0,0.75,4.017584,3.9664266,Healthcare,6.498,20.604801,134.66444
370,PLD,3272625.0,United States,-0.252,2.11,54.549767,1945.0,85147869184.0,-9.69,2.6654007,17.432262,Real Estate,1.815,63.415974,101.319336
372,PNC,1740950.0,United States,1.0,13.57,13.652174,49549.0,78735499264.0,-8.36,1.462148,5.2229185,Financial Services,19.138,9.680217,143.52548
373,PNR,818325.0,United Kingdom,0.769,3.2,20.096874,9750.0,10688450560.0,1.7000000000000002,4.8719697,3.36782,Industrials,2.476,25.973343,53.72259
375,POOL,248400.0,United States,2.191,12.83,32.368668,4500.0,16933408768.0,1.6,25.384474,3.919698,Consumer Cyclical,10.644,39.016346,346.28836
376,PPG,1456600.0,United States,0.556,8.81,19.585697,46900.0,40910053376.0,1.6099999999999999,7.0062532,2.8532608,Basic Materials,5.014,34.413643,139.92793
377,PPL,5624450.0,United States,-0.203,2.62,11.068703,12318.0,22313093120.0,-0.73,1.6674333,2.9332316,Utilities,1.9100000000000001,15.183247,28.089186
380,PSA,856450.0,United States,-0.09,7.83,34.895275,5400.0,47757873152.0,2.12,10.007692,15.94286,Real Estate,6.29,43.438793,230.34126
382,PTC,773700.0,United States,-0.337,3.8200000000000003,38.81937,6268.0,17263476736.0,2.21,11.572498,11.2733345,Technology,1.01,146.82178,113.917854
384,PWR,1339450.0,United States,0.439,4.87,20.092403,35800.0,13649388544.0,1.25,3.1151507,1.2184048,Industrials,3.07,31.872965,71.33318
386,PYPL,7094100.0,United States,2.091,5.75,47.146088,26500.0,318330142720.0,2.59,15.870851,14.837799,Financial Services,3.54,76.579094,226.61714
387,QCOM,9819575.0,United States,1.654,8.08,16.90223,41000.0,156779642880.0,0.77,21.023708,5.874317,Technology,5.85,23.3453,139.8383
388,QRVO,1150000.0,United States,0.246,10.37,19.001928,7900.0,22318475264.0,1.13,4.957108,5.9829454,Technology,4.157,47.401974,159.06638
390,RE,316000.0,Bermuda,-0.708,29.61,8.987504,1746.0,10687193088.0,0.17,1.0939959,1.1126217999999999,Financial Services,12.78,20.823162,227.44585
391,REG,1177500.0,United States,-0.045,1.1400000000000001,54.973682,431.0,10643182592.0,7.34,1.7719407,10.156376999999999,Real Estate,0.26,241.03847,46.859184
392,REGN,728100.0,United States,0.451,40.57,12.022923,9123.0,51958722560.0,1.13,4.5994340000000005,6.252253,Healthcare,30.52,15.981978,517.0801
393,RF,7900775.0,United States,2.963,1.97,10.86802,18926.0,20568029184.0,-0.47000000000000003,1.2695683,3.6294389000000002,Financial Services,1.521,14.076265,16.592592
394,RHI,1088900.0,United States,0.23,4.54,19.312775,13000.0,9901176832.0,7.5600000000000005,8.102015,1.9799625,Industrials,2.888,30.360111,65.12859
395,RJF,647350.0,United States,0.164,8.77,14.95667,14800.0,18063552512.0,0.78,2.447384,2.2667277,Financial Services,6.164,21.280012,96.89667
397,RMD,601500.0,United States,0.11800000000000001,5.5600000000000005,37.794964,7770.0,30577258496.0,1.6,10.672422,9.8899355,Healthcare,4.79,43.870564,197.94792
398,ROK,681500.0,United States,0.91,9.63,27.647974,23500.0,30926268416.0,2.75,19.854586,4.979594,Industrials,11.18,23.814848,247.57645
399,ROL,1302250.0,United States,0.234,0.68,53.544117,15616.0,17677273088.0,6.29,19.013056,8.179302,Consumer Cyclical,0.53,68.69812,37.184273
400,ROP,452325.0,United States,0.203,16.11,27.45748,18400.0,46419161088.0,2.41,4.3142495,8.136575,Industrials,9.431,46.902767,405.3824
401,ROST,1467125.0,United States,-0.47800000000000004,5.01,25.652695,93700.0,45831647232.0,0.67,13.924161999999999,3.6572964,Consumer Cyclical,0.24,535.5,110.19096
402,RSG,951125.0,United States,-0.186,4.1,25.529268,35000.0,33389625344.0,3.38,3.933188,3.288452,Industrials,3.02,34.65894,94.488594
406,SCHW,6936675.0,United States,0.867,3.42,20.4269,32000.0,131699376128.0,1.23,2.3646889,9.551046,Financial Services,2.318,30.13805,51.711926
407,SEE,1219900.0,United States,0.363,3.65,13.353425,16500.0,7468137984.0,1.8900000000000001,43.752247,1.5231152,Consumer Cyclical,3.221,15.1319475,43.601036
408,SHW,1242850.0,United States,0.273,10.11,26.603363,61031.0,71980957696.0,2.95,23.220236,3.8143692,Basic Materials,7.736,34.76732,237.38445
409,SIVB,771000.0,United States,2.958,25.53,22.397572,4656.0,31050311680.0,2.46,3.5027504,6.825155,Financial Services,30.383,18.820065,395.04688
410,SJM,1326450.0,United States,0.395,8.62,15.138052,7300.0,14133372928.0,-33.24,1.7446587,1.7289587,Consumer Defensive,8.408,15.519744,116.79889
412,SNA,395075.0,United States,0.404,13.98,16.971388,12300.0,12831020032.0,1.82,3.308281,3.1163676,Industrials,12.455,19.049377,179.53947
413,SNPS,1086275.0,United States,0.56,7.17,35.058575,15036.0,38301999104.0,3.15,7.844771,10.023498,Technology,4.625,54.35027,239.686
414,SO,3814275.0,United States,-0.122,3.56,18.073032,27700.0,68178522112.0,3.03,2.4300334,3.3461852,Utilities,2.93,21.959044,59.572815
415,SPG,2695875.0,United States,-0.467,4.57,26.93654,2400.0,40400064512.0,3.27,13.49189,8.774912,Real Estate,3.59,34.289696,88.5123
416,SPGI,1271300.0,United States,-0.161,13.74,27.6623,23000.0,91555946496.0,2.7800000000000002,179.62193,12.3026,Financial Services,9.66,39.345757,336.44244
417,SRE,1145175.0,United States,-0.044,8.53,15.817117,14706.0,40848510976.0,3.98,1.9242673,3.5926568999999997,Utilities,12.88,10.475155,125.99015
418,STE,538300.0,Ireland,0.091,7.0,30.125715,13000.0,17999114240.0,3.0,4.6537495,5.8878765,Healthcare,5.029,41.932793,185.14548
419,STT,2465950.0,United States,-0.181,8.02,10.380299,39318.0,28951685120.0,0.7000000000000001,1.2581421,2.5077249999999998,Financial Services,6.07,13.714992,71.76326
420,STX,2555775.0,Ireland,0.028,6.71,14.187778,42000.0,21895999488.0,1.88,45.247147,2.1498282,Technology,3.957,24.05863,61.912224
421,STZ,1003700.0,United States,-0.039,11.75,20.246807,9300.0,46151172096.0,2.62,3.3832982,5.357134,Consumer Defensive,10.325,23.041162,209.1326
422,SWK,1091925.0,United States,1.347,11.63,17.760103,53100.0,33260333056.0,1.67,3.4732966,2.2883556,Industrials,7.77,26.583012,178.1031
423,SWKS,2052275.0,United States,0.981,10.77,18.236769,10000.0,32424935424.0,1.55,7.336122,8.168313,Technology,6.326,31.048056,158.59518
424,SYF,6265500.0,United States,2.584,5.35,8.042991,16500.0,25004734464.0,2.45,1.9681653,3.7237134,Financial Services,3.558,12.093872,33.689556
425,SYK,1148825.0,United States,-0.387,10.31,25.177496,43000.0,97686437888.0,2.21,7.2431493,6.6381106,Healthcare,3.69,70.34688,231.16022
430,TDY,350725.0,United States,0.14200000000000002,12.97,34.716267,10670.0,16688536576.0,2.63,5.1533637,5.4074707,Technology,10.62,42.398304,368.48157
432,TER,1998825.0,United States,0.5700000000000001,5.46,24.249083,5500.0,22053203968.0,1.94,9.966126,7.065008,Technology,4.28,30.934576,111.32333
434,TFX,179450.0,United States,-0.297,14.86,29.868776,14000.0,20749010944.0,3.11,6.2098637,8.178059,Healthcare,7.09,62.602257,381.1761
435,TGT,3082175.0,United States,0.655,9.64,21.209543,409000.0,101733367808.0,2.05,7.092164,1.087348,Consumer Defensive,8.64,23.664352,175.35616
436,TJX,5691100.0,United States,-0.669,2.91,24.0378,320000.0,84357603328.0,0.48,14.446509,2.6249402,Consumer Cyclical,0.07,999.28564,63.179184
437,TMO,1482975.0,United States,1.4929999999999999,20.06,24.217348,80000.0,190927650816.0,5.48,5.5844216,5.9261174,Healthcare,15.96,30.438595,469.84985
438,TMUS,4072650.0,United States,-0.001,3.36,39.309525,75000.0,164678664192.0,1.5,2.5100721999999998,2.4076884,Communication Services,2.6470000000000002,49.898,123.90526
440,TRMB,2160200.0,United States,-0.354,2.65,31.494339,11402.0,20977086464.0,3.16,5.819272,6.6642585,Technology,1.55,53.84516,63.66541
441,TROW,1171225.0,United States,0.437,12.84,13.996106,7678.0,40875577344.0,1.05,5.315606,6.585718,Financial Services,9.98,18.007015,151.61008
442,TRV,1425725.0,United States,0.222,12.28,12.523616,29988.0,38672797696.0,1.8599999999999999,1.368214,1.1941207999999999,Financial Services,11.062,13.902549,135.66911
443,TSCO,959600.0,United States,1.165,7.67,24.58931,42000.0,21915508736.0,2.68,11.826675999999999,1.9134333,Consumer Cyclical,7.22,26.121885,149.07408
444,TSLA,34176275.0,United States,26.375,6.14,113.09447,70757.0,666522681344.0,3.79,29.05318,18.545427,Consumer Cyclical,0.998,695.79156,615.7889
445,TSN,1802900.0,United States,-0.075,6.42,12.045172,139000.0,28204802048.0,2.94,1.8036151999999999,0.6585291,Consumer Defensive,5.54,13.958485,65.18755
447,TTWO,1401875.0,United States,0.114,6.08,28.680922,5800.0,20084740096.0,1.7000000000000002,6.05297,6.097589,Communication Services,4.269,40.847973,180.78874
449,TXN,4862775.0,United States,0.493,7.79,23.340181,30000.0,167864057856.0,2.61,16.512579,10.88542,Technology,6.6,27.548487,162.88852
450,TXT,1119750.0,United States,0.186,3.49,17.693409,33000.0,14012618752.0,0.8200000000000001,2.391835,1.2026967,Industrials,1.35,45.74074,45.646816
451,TYL,214775.0,United States,0.156,6.33,69.63665,5500.0,17947258880.0,7.32,8.997387,16.072224,Technology,4.69,93.987206,416.70422
455,UDR,2742475.0,United States,-0.405,0.1,458.0,1263.0,13594127360.0,65.8,4.5974703,10.949549,Real Estate,0.196,233.67348,38.482594
456,UHS,460075.0,United States,0.47200000000000003,12.22,12.095744,89000.0,12582724608.0,1.69,1.9238328,1.0715799,Healthcare,11.792,12.534769,126.976074
457,ULTA,850050.0,United States,-0.23,12.09,27.035564,16000.0,18104381440.0,0.79,9.196702,2.9428673,Consumer Cyclical,3.11,105.09968,277.50726
458,UNH,3035150.0,United States,0.438,21.37,18.464668,330000.0,372449181696.0,1.67,5.4481063,1.416609,Healthcare,17.588,22.435184,338.25488
459,UNM,2174800.0,United States,-0.543,5.38,5.3736057,10300.0,5903103488.0,2.2800000000000002,0.5416901,0.44849253,Financial Services,3.89,7.431876,22.861185
460,UNP,2669675.0,United States,-0.09,10.82,20.904806,29755.0,150258696192.0,1.72,9.256046,7.7834077,Industrials,7.727,29.27268,204.32007
461,UPS,3101775.0,United States,3.966,11.17,17.759176,540000.0,172465455104.0,1.35,24.203268,1.9269668,Industrials,5.922,33.497128,165.29355
462,URI,1063675.0,United States,-0.121,21.68,14.983856,18250.0,23496431616.0,1.82,5.160199,2.7545640000000002,Industrials,12.2,26.62705,241.93015
463,USB,7844050.0,United States,0.9470000000000001,4.37,13.49428,70000.0,88278089728.0,2.07,1.9312897,4.252726,Financial Services,3.789,15.563474,45.418076
464,V,8152175.0,United States,-0.019,7.01,33.302425,20500.0,514722201600.0,2.2800000000000002,14.514424,24.104252,Financial Services,4.817,48.463776,206.98096
468,VMC,1130975.0,United States,-0.188,5.93,30.192242,8847.0,23752161280.0,2.36,3.9363291,4.8904700000000005,Basic Materials,4.384,40.839417,150.80437
470,VRSK,731425.0,United States,0.333,5.94,31.525251,8960.0,30403158016.0,3.21,11.299782,10.918322,Industrials,4.31,43.447796,188.32852
472,VRTX,1599675.0,United States,0.036000000000000004,12.92,16.52322,3400.0,55253102592.0,1.55,6.386836,8.903629,Healthcare,10.29,20.746355,227.39223
473,VTR,2168025.0,United States,8.652,0.47000000000000003,117.57446,448.0,20725483520.0,-461.74,2.0334866,5.4536552,Real Estate,1.17,47.23077,48.281853
475,VZ,16057250.0,United States,0.262,5.17,10.914893,130100.0,233624141824.0,3.93,3.27967,1.8033651,Communication Services,4.562,12.3695755,58.052814
476,WAB,1152975.0,United States,-0.352,4.74,18.048525,27000.0,16199235584.0,2.52,1.5965289999999999,2.143862,Industrials,2.17,39.42396,72.23852
477,WAT,362875.0,United States,0.088,10.65,28.21033,7400.0,18645037056.0,3.16,80.633385,7.88252,Healthcare,8.36,35.9378,245.78363
480,WEC,1083700.0,United States,-0.02,4.28,22.116821,7273.0,29859078144.0,3.88,2.8519778000000002,4.123214,Utilities,3.79,24.976255,92.568596
481,WELL,2104550.0,United States,-0.27,0.99,76.28282,423.0,31531108352.0,8.96,1.9735019,6.845709,Real Estate,2.33,32.412018,63.261406
482,WFC,30773400.0,United States,6.2620000000000005,3.5700000000000003,12.627452,264513.0,186681704448.0,0.1,1.1183608,2.9298112,Financial Services,1.456,30.96154,30.142149
483,WHR,566950.0,United States,1.812,23.23,10.135601,78000.0,14744985600.0,1.29,3.51334,0.7196537,Consumer Cyclical,21.436,10.983858,194.0963
484,WLTW,977025.0,United Kingdom,-0.125,13.25,18.556982,46100.0,31711635456.0,3.45,2.9306666999999997,3.3908937,Financial Services,7.65,32.14118,211.40652
485,WM,1896700.0,United States,0.166,5.4,25.227777,48250.0,57506361344.0,2.16,7.7421,3.6860688,Industrials,3.66,37.22131,116.61978
490,WST,459025.0,United States,0.54,6.9,46.69855,9200.0,23796045824.0,1.9300000000000002,12.86102,11.08391,Healthcare,4.57,70.50766,282.6377
491,WU,4285475.0,United States,0.308,2.29,11.449781,11000.0,10758091776.0,1.32,57.753304,2.225045,Financial Services,1.79,14.648045,22.563778
494,XEL,2784875.0,United States,-0.014,3.17,22.022081,11367.0,37563015168.0,3.76,2.5720283999999998,3.2589812,Utilities,2.79,25.021505,66.60171
495,XLNX,2203175.0,United States,0.055,3.3,39.854546,4891.0,32322226176.0,5.2,12.408718,10.587797,Technology,2.499,52.62905,129.5777
498,XYL,849575.0,United States,0.254,3.09,36.006474,15600.0,20027023360.0,2.34,6.7606487,4.1072645,Industrials,1.4,79.47143,96.72126
501,ZBRA,271150.0,United States,0.178,16.95,29.297934,8800.0,26567753728.0,3.02,12.383114,5.9729659999999996,Technology,9.35,53.112297,381.6586
502,ZION,1163275.0,United States,22.0,4.33,12.759815,9682.0,9049950208.0,-0.32,1.2284329,3.232125,Financial Services,4.9190000000000005,11.231957,43.150295
503,ZTS,1573325.0,United States,-0.065,4.95,34.69091,11300.0,81564590080.0,3.33,21.657207,12.219415,Healthcare,3.42,50.210526,160.60007
